Text,Name,Created At,Tweet Type,
"I'm still asking you to believe - not in my ability to bring about change, but in yours. I believe in change because I believe in you.",President Obama,Fri Jan 20 14:13:35 +0000 2017,Reply,
"As we look forward, I want our first steps to reflect what matters most to you. Share your thoughts with me at https://t.co/fGUxlpLVue.",President Obama,Fri Jan 20 14:11:01 +0000 2017,Reply,
"I won't stop; I'll be right there with you as a citizen, inspired by your voices of truth and justice, good humor, and love.",President Obama,Fri Jan 20 14:09:51 +0000 2017,Reply,
It's been the honor of my life to serve you. You made me a better leader and a better man.,President Obama,Fri Jan 20 14:09:13 +0000 2017,Tweet,
"Proud to make this one of my final actions as President. America is a nation of second chances, and 1,715 people deserved that shot. https://t.co/4hPxG7hqHL",President Obama,Thu Jan 19 20:39:46 +0000 2017,Tweet,
"RT @FLOTUS44 : Being your First Lady has been the honor of a lifetime. From the bottom of my heart, thank you. -mo https://t.co/pahEydkZ5Z",President Obama,Thu Jan 19 00:40:18 +0000 2017,Retweet,
"To the girl from the South Side who took on a role she didn't ask for and made it her own: Happy Birthday, Michelle. I love you. https://t.co/lvjfx418hn",President Obama,Tue Jan 17 14:59:24 +0000 2017,Tweet,
"From one 44 to another, thanks for finally giving @FLOTUS and generations of hopeful fans a @Cubs championship. https://t.co/RnLyTYF2ub",President Obama,Tue Jan 17 00:10:24 +0000 2017,Tweet,
"In honor of their legacy, @FLOTUS and I are joining Americans across the country in a day of service to our community here in D.C. #MLKDay",President Obama,Mon Jan 16 19:50:31 +0000 2017,Reply,
"Dr. King and those who marched with him proved that people who love their country can change it. As Americans, we all owe them a great deal.",President Obama,Mon Jan 16 19:49:25 +0000 2017,Tweet,
"That is out of this world. Thanks, @NASA. https://t.co/R8CSjAwt2E",President Obama,Thu Jan 12 23:57:07 +0000 2017,Tweet,
"Thank you for everything. My last ask is the same as my first. I'm asking you to believe—not in my ability to create change, but in yours.",President Obama,Wed Jan 11 04:52:08 +0000 2017,Tweet,
It’s been the privilege of my life to serve as your President. I look forward to standing with you as a citizen. Happy New Year everybody.,President Obama,Sun Jan 01 17:00:55 +0000 2017,Reply,
"From realizing marriage equality to removing barriers to opportunity, we've made history in our work to reaffirm that all are created equal.",President Obama,Sun Jan 01 16:59:42 +0000 2017,Reply,
We brought home more of our troops &amp; strengthened U.S. leadership—leading with diplomacy &amp; partnering with nations to meet global problems.,President Obama,Sun Jan 01 16:53:57 +0000 2017,Reply,
"We traded foreign oil for clean energy, we doubled fuel efficiency standards, &amp; we acted on a global scale to save the one planet we've got. https://t.co/7alrOtHNIr",President Obama,Sun Jan 01 16:52:38 +0000 2017,Reply,
"After decades of rising health care costs, today nearly every American now has access to the financial security of affordable health care. https://t.co/5e4nEcCxIM",President Obama,Sun Jan 01 16:51:12 +0000 2017,Reply,
"Facing the worst financial crisis in 80 years, you delivered the longest streak of job growth in our history. https://t.co/Vk3PfRgZqF",President Obama,Sun Jan 01 16:49:18 +0000 2017,Reply,
"As we look ahead to the future, I wanted to take a moment to look back on the remarkable progress that you made possible these past 8 years.",President Obama,Sun Jan 01 16:48:12 +0000 2017,Tweet,
"The best part of the holidays is the time we share with those we love. On behalf of Michelle, Malia, and Sasha, Merry Christmas everyone. https://t.co/EznGyxluS8",President Obama,Sun Dec 25 16:30:27 +0000 2016,Tweet,
A ban on drilling in Arctic waters helps protect the planet we share. Proud to take this step with @JustinTrudeau &amp; the Arctic communities. https://t.co/4Ry1goEakF,President Obama,Tue Dec 20 21:56:09 +0000 2016,Tweet,
"The Justice for All bill is a bipartisan step in making our criminal justice system fairer, smarter, and more effective. Proud to sign it.",President Obama,Fri Dec 16 23:13:35 +0000 2016,Tweet,
"The suits said it all – colorful, fun, a little outlandish. That’s what sports should be. Thanks, Craig Sager.  We'll all miss you.",President Obama,Fri Dec 16 17:00:30 +0000 2016,Tweet,
"In signing the Cures Act into law, we're one step closer to breakthroughs on the greatest health challenges of our time. Today's a good day. https://t.co/ttB3LQciwB",President Obama,Tue Dec 13 22:56:10 +0000 2016,Tweet,
Great to see so many investors come together to work towards a clean energy future. It's a smart investment and it's good for the planet. https://t.co/X8pBb1NAmL,President Obama,Tue Dec 13 03:15:49 +0000 2016,Tweet,
"Proud of our Champions of Change - folks who prove that, here in America, there's no more powerful role than that of citizen. https://t.co/sfwMDgvW5v",President Obama,Mon Dec 05 22:46:10 +0000 2016,Tweet,
"Today, we honor those who are leading the fight against HIV/AIDS. Because of them, an AIDS-free generation is now within our reach. https://t.co/rKdM67bJO0",President Obama,Thu Dec 01 15:57:15 +0000 2016,Tweet,
"This Thanksgiving, we give thanks for our blessings, and work to fulfill the timeless responsibility we have as Americans to serve others.",President Obama,Thu Nov 24 18:05:11 +0000 2016,Reply,
The Old Soldiers Home in DC has cared for our nation's veterans for 165 years. I was honored to be a small part of that mission. https://t.co/tDnqOGHgAB,President Obama,Thu Nov 24 18:03:35 +0000 2016,Tweet,
"Happy birthday, Joe! The best @VP and friend I could have had alongside me these past eight years. https://t.co/kWH3L5uSFC",President Obama,Sun Nov 20 22:40:00 +0000 2016,Tweet,
One thing I've learned from my time abroad as President: Young people will shape our future long after their leaders leave the world stage. https://t.co/jHUdDX1wTk,President Obama,Sun Nov 20 15:17:26 +0000 2016,Tweet,
"Today, we honor those who honored our country with its highest form of service. We owe our veterans our thanks, our respect and our freedom.",President Obama,Fri Nov 11 17:28:48 +0000 2016,Tweet,
"Today, progress is on the ballot. Go vote - then make sure your friends, your family, and everyone you know votes too.",President Obama,Tue Nov 08 15:57:29 +0000 2016,Tweet,
"It's pretty simple: Find a plan, get covered, earn some peace of mind. Start today: https://t.co/PJ7xIKP3Vo https://t.co/ZBQdNz8s80",President Obama,Thu Nov 03 23:34:58 +0000 2016,Tweet,
It happened: @Cubs win World Series. That's change even this South Sider can believe in. Want to come to the White House before I leave?,President Obama,Thu Nov 03 06:03:56 +0000 2016,Tweet,
"I'll say it: Holy Cow, @Cubs fans. Even this White Sox fan was happy to see Wrigley rocking last night. #FlyTheW",President Obama,Sun Oct 23 17:01:02 +0000 2016,Tweet,
Check out my newest science advisors! These kids are fearless in using science to tackle our toughest problems. Thanks for the inspiration. https://t.co/qe7h3IfTTZ,President Obama,Fri Oct 21 22:44:03 +0000 2016,Tweet,
RT @vj44 : We lit the @WhiteHouse pink tonight to commemorate Breast Cancer Awareness Month. Make sure to enroll in #ACA starting Nov. 1 https://t.co/RGc3N8ZkRb,President Obama,Fri Oct 21 00:42:54 +0000 2016,Retweet,
Outstanding 3 for 3 debate sweep for @HillaryClinton! Nobody has ever been more prepared to be @POTUS.,President Obama,Thu Oct 20 13:31:12 +0000 2016,Tweet,
"For the loved ones we've lost and the ones we can still save, thank you Joe for putting us on the path to ending cancer as we know it. https://t.co/O0twPYcRSc",President Obama,Mon Oct 17 19:26:31 +0000 2016,Tweet,
"For a century, Planned Parenthood has made it possible for women to determine their own lives. Here's to another #100YearsStrong.",President Obama,Sun Oct 16 14:30:59 +0000 2016,Tweet,
"Clearly, we still have more to do to prevent sexual assault and the thinking that leads to it. That starts with us: https://t.co/9PRZB451fS",President Obama,Fri Oct 14 21:46:46 +0000 2016,Tweet,
"Congratulations to one of my favorite poets, Bob Dylan, on a well-deserved Nobel. https://t.co/c9cnANWPCS",President Obama,Thu Oct 13 16:05:37 +0000 2016,Tweet,
"Now this was fun. Artificial intelligence, space travel—hope you enjoy exploring new frontiers as much as I did. https://t.co/WWBUm5eJ08",President Obama,Wed Oct 12 17:16:09 +0000 2016,Tweet,
"On International #DayoftheGirl, we remain committed to providing what we all want for our daughters: a future of limitless possibility.",President Obama,Tue Oct 11 16:58:15 +0000 2016,Tweet,
"Just like Michelle says, when they go low, we go high. @HillaryClinton went high and showed why she'll be a POTUS for all Americans.",President Obama,Mon Oct 10 16:06:27 +0000 2016,Tweet,
Voted early today. Make sure you vote too: https://t.co/SUUmUADsHj https://t.co/NMesNhwsaG,President Obama,Fri Oct 07 21:40:44 +0000 2016,Tweet,
"Hurricane Matthew is as serious as it gets. Listen to local officials, prepare, take care of each other. https://t.co/Vaf8Xubs0s",President Obama,Thu Oct 06 23:17:43 +0000 2016,Tweet,
Thank you to every nation that moved to bring the Paris Agreement into force. History will judge today as a turning point for our planet.,President Obama,Wed Oct 05 20:52:38 +0000 2016,Tweet,
Bringing a little Austin to the South Lawn today. https://t.co/qCXwVI0uLH https://t.co/nTb10I3GHP,President Obama,Mon Oct 03 15:49:46 +0000 2016,Tweet,
What a win by the USA in #RyderCup. Proud to see our guys bring the trophy back home. Arnie is smiling down.,President Obama,Mon Oct 03 02:00:35 +0000 2016,Tweet,
"Gandhiji believed in a world worthy of our children. In joining the Paris Agreement, @narendramodi &amp; the Indian people carry on that legacy.",President Obama,Sun Oct 02 14:54:48 +0000 2016,Tweet,
Paid leave shouldn't be a luxury. It's a basic necessity that we should secure for every working American. https://t.co/OPeQiVPJlK,President Obama,Sat Oct 01 14:00:36 +0000 2016,Tweet,
"Our Olympians and Paralympians show the world that no matter what, with perseverance, we can do incredible things. Proud of you, #TeamUSA.",President Obama,Thu Sep 29 23:38:14 +0000 2016,Tweet,
Couldn't be more proud of @HillaryClinton. Her vision and command during last night's debate showed that she's ready to be our next @POTUS.,President Obama,Tue Sep 27 23:04:33 +0000 2016,Tweet,
Democracy is not a spectator sport. Don't give up your power to shape the future of the country we love. Vote: https://t.co/sUxB8TLc5r,President Obama,Tue Sep 27 16:39:35 +0000 2016,Tweet,
RT @NYTNational : Census data shows 3.5 million Americans were able to raise their chins above the poverty line last year https://t.co/FEr5eyGUrz,President Obama,Mon Sep 26 18:53:29 +0000 2016,Retweet,
"Here's to The King who was as extraordinary on the links as he was generous to others. Thanks for the memories, Arnold. https://t.co/UlyfpIBOL2",President Obama,Mon Sep 26 03:14:38 +0000 2016,Tweet,
Proud to help open @NMAAHC with so many heroes. African American history is a central part of our glorious American history.,President Obama,Sat Sep 24 14:04:52 +0000 2016,Tweet,
"Sabaidii, Laos! Honored to be the first U.S. president to visit Laos and to begin a new partnership between our countries.",President Obama,Tue Sep 06 01:30:41 +0000 2016,Tweet,
"Happy Labor Day - longest streak of job growth ever, unemployment cut in half. That's what hardworking Americans can do. Let's keep going!",President Obama,Mon Sep 05 16:57:23 +0000 2016,Tweet,
Congrats to NASA and the scientists taking us a step closer to Mars. Now enjoy Hawaii and get a shave ice! https://t.co/lFZjSnn38x,President Obama,Mon Aug 29 16:28:19 +0000 2016,Tweet,
"Congratulations to Maine-Endwell, Little League World Series Champs and still undefeated! Proud of you and the sportsmanship you showed.",President Obama,Mon Aug 29 00:08:26 +0000 2016,Tweet,
"Nearly 100 years ago, women broke down barriers to the ballot box, moving us closer to a more equal nation. Let's finish what they started.",President Obama,Fri Aug 26 16:08:26 +0000 2016,Tweet,
"100 years and going strong. Thanks @NatlParkService for your service, so our kids enjoy our parks as much as we have https://t.co/1v3W2HLD6f",President Obama,Thu Aug 25 18:05:02 +0000 2016,Tweet,
"Felicitaciones, @JuanManSantos and Colombia. After decades of war, we stand with you in building a future of peace. https://t.co/haXJaqgS9f",President Obama,Thu Aug 25 15:32:50 +0000 2016,Tweet,
"Couldn't be prouder of #TeamUSA. Your determination and passion inspired so many of us. You carried that flag high tonight, @Simone_Biles!",President Obama,Mon Aug 22 01:07:24 +0000 2016,Tweet,
Final win for Phelps. World record for Ledecky. 3 #1 finishes for Biles. That's how #TeamUSA gets America to 1000 golds-way to make history.,President Obama,Sun Aug 14 23:06:03 +0000 2016,Tweet,
"Been waiting to drop this: summer playlist, the encore. What's everybody listening to? https://t.co/mqh1YVrycj",President Obama,Thu Aug 11 14:31:50 +0000 2016,Tweet,https://pbs.twimg.com/media/CpldBtJVMAE57rj.jpg
The struggle for the Voting Rights Act taught us that people who love this country can change it. Don't give away your power - go vote.,President Obama,Sat Aug 06 20:59:47 +0000 2016,Tweet,
"Tonight, the first-ever #TeamRefugees will also stand before the world and prove that you can succeed no matter where you're from.",President Obama,Fri Aug 05 23:22:08 +0000 2016,Reply,
Ready to root on #TeamUSA! Our team's unity and diversity makes us so proud - and reminds the world why America sets the gold standard.,President Obama,Fri Aug 05 23:21:18 +0000 2016,Tweet,
"Longest streak of total job growth on record, wages rising at fastest pace in 7 years. We've come a long way, America—let's keep it going.",President Obama,Fri Aug 05 19:11:33 +0000 2016,Tweet,
"Great speech. She's tested. She's ready. She never quits. That's why Hillary should be our next @POTUS. (She'll get the Twitter handle, too)",President Obama,Fri Jul 29 03:30:20 +0000 2016,Tweet,
"Incredible speech by an incredible woman. Couldn't be more proud &amp; our country has been blessed to have her as FLOTUS. I love you, Michelle.",President Obama,Tue Jul 26 02:25:19 +0000 2016,Tweet,
"¡Bienvenido, amigo! We value our enduring partnership with Mexico &amp; will work to strengthen it in the years to come. https://t.co/mjlABSm7jF",President Obama,Fri Jul 22 19:17:39 +0000 2016,Tweet,
"This map says it all. Stay safe as it heats up: Drink water, stay out of the sun, and check on your neighbors. https://t.co/c1qFTmq2IV",President Obama,Wed Jul 20 16:36:13 +0000 2016,Tweet,
44 men came home because Chuck Kettles believed that we leave no man behind. That's America at our best. https://t.co/UymO2AaRHg,President Obama,Mon Jul 18 14:15:01 +0000 2016,Tweet,
"Congrats Carla Hayden, our newest Librarian of Congress! Her confirmation is certainly one for the history books.
https://t.co/5T8rvSRp9e",President Obama,Thu Jul 14 01:38:58 +0000 2016,Tweet,
"Incredible! After a 5-year journey, we're up close and personal with our solar system's largest planet. Welcome to Jupiter, @NASAJuno!",President Obama,Tue Jul 05 17:21:09 +0000 2016,Tweet,
"Happy Fourth of July, everybody! And to our brave men and women in uniform: On this day and every day, we thank you.",President Obama,Mon Jul 04 14:00:12 +0000 2016,Tweet,
Elie Wiesel was a great moral voice of our time and a conscience for our world. He was also a dear friend. We will miss him deeply.,President Obama,Sat Jul 02 23:06:02 +0000 2016,Tweet,
RT @MarchofDimes : 2016 Nat'l Amb. Ismael was honored to meet @POTUS today &amp; talk about the need to help babies &amp; #ZAPzika! https://t.co/ZzwGUUV6Gu,President Obama,Thu Jun 30 23:55:20 +0000 2016,Retweet,
"The list goes on. When Members return, I hope they'll share my commitment to work together to do what must be done. https://t.co/l8nChcXpml",President Obama,Thu Jun 30 20:58:10 +0000 2016,Reply,
Americans still need and are asking Congress to pass commonsense gun laws that strengthen background checks and keep our communities safe.,President Obama,Thu Jun 30 20:56:10 +0000 2016,Reply,
"After more than 100 days, the Supreme Court still needs its 9th judge, but the Senate GOP refuses to do its job and consider Judge Garland.",President Obama,Thu Jun 30 20:55:05 +0000 2016,Reply,
Congress is leaving a hefty to-do list undone. Health officials still need emergency funding to effectively protect Americans from Zika.,President Obama,Thu Jun 30 20:53:50 +0000 2016,Reply,
Proud to sign laws to improve transparency and avert a crisis in Puerto Rico. I'd hoped to use my pen more often before Congress left town.,President Obama,Thu Jun 30 20:53:03 +0000 2016,Tweet,
"Until next time, Justin. Good to know that Canada and the world will benefit from your leadership for years to come. https://t.co/T10g64niul",President Obama,Thu Jun 30 15:38:05 +0000 2016,Tweet,
"Women’s opportunities are expanded and our nation is stronger when all of our citizens have accessible, affordable health care.",President Obama,Mon Jun 27 16:28:29 +0000 2016,Reply,
Every woman has a constitutional right to make her own reproductive choices. I'm pleased to see the Supreme Court reaffirm that fact today.,President Obama,Mon Jun 27 16:27:42 +0000 2016,Tweet,
Thank you John Lewis for leading on gun violence where we need it most. https://t.co/vctfqAH5Wt,President Obama,Wed Jun 22 17:45:58 +0000 2016,Tweet,
"By giving him its highest rating, the American Bar Association confirms what we all know: Judge Garland should serve on the Supreme Court.",President Obama,Tue Jun 21 18:47:29 +0000 2016,Tweet,
"Gun violence requires more than moments of silence. It requires action. In failing that test, the Senate failed the American people.",President Obama,Tue Jun 21 15:11:24 +0000 2016,Tweet,
What a game and what a series for the @Cavs. Happy to see @KingJames bring it home for Cleveland!,President Obama,Mon Jun 20 03:30:52 +0000 2016,Tweet,
Happy Father's Day to all the dads out there. Glad to be spending this one with my family in Yosemite. https://t.co/SaNJgmoIK1,President Obama,Sun Jun 19 22:22:49 +0000 2016,Tweet,
"RT @FLOTUS44 : Together, we are stronger. Together we can change tomorrow. Stand with us: https://t.co/kMuWTuXTdb #StateOfWomen
https://t.co/maBuf4nT0E",President Obama,Mon Jun 06 13:53:51 +0000 2016,Retweet,
"He shook up the world, and the world's better for it. Rest in peace, Champ. https://t.co/z1yM3sSLH3",President Obama,Sat Jun 04 14:05:32 +0000 2016,Tweet,
We cannot accept our level of gun violence as the new normal. We must take action to prevent this from happening again &amp; again. #WearOrange,President Obama,Thu Jun 02 15:16:07 +0000 2016,Tweet,
"This Memorial Day, I hope you'll join me in acts of remembrance. The debt we owe our fallen heroes is one we can never truly repay.",President Obama,Mon May 30 13:00:39 +0000 2016,Tweet,
"Today, I join all Americans in honoring 13 officers who went beyond the call of duty to save the lives of strangers. https://t.co/OufzQ70ovH",President Obama,Mon May 16 17:47:36 +0000 2016,Tweet,
To my 5th grade teacher Ms. Mabel Hefty and the educators who inspire our young people every single day: Thank you. https://t.co/fz2ij8daBg,President Obama,Tue May 03 18:12:25 +0000 2016,Tweet,
"Today, the US joined some 170 nations to sign the Paris Agreement - an historic step this Earth Day to protect the one planet we've got.",President Obama,Fri Apr 22 17:44:33 +0000 2016,Tweet,
"Thank you, Adrianne, for being Boston Strong. Terror and bombs can't beat us. We carry on. We finish the race! https://t.co/55hmcsCHbJ",President Obama,Tue Apr 19 00:18:52 +0000 2016,Tweet,
"Congrats to the @Warriors, a great group of guys on and off the court. If somebody had to break the Bulls' record, I'm glad it's them.",President Obama,Thu Apr 14 05:00:56 +0000 2016,Tweet,
"Big night of basketball - @Warriors chasing 73 and a farewell for an
all-timer, @KobeBryant. NBA fans feeling like: https://t.co/hvno2ZO5b0",President Obama,Thu Apr 14 01:01:34 +0000 2016,Tweet,
Proud to designate the Belmont-Paul national monument for women's equality. Let's keep up their fight with #EqualPay for women today.,President Obama,Tue Apr 12 14:46:44 +0000 2016,Tweet,
Congrats SpaceX on landing a rocket at sea. It's because of innovators like you &amp; NASA that America continues to lead in space exploration.,President Obama,Fri Apr 08 23:22:28 +0000 2016,Tweet,
"RT @repjohnlewis : 48 yrs ago today, my friend, my brother, Dr. Martin Luther King, Jr. was shot and killed in Memphis, TN. The light of his life still shines.",President Obama,Mon Apr 04 23:28:06 +0000 2016,Retweet,
Nobody should have to choose between losing a paycheck &amp; caring for their family. I applaud @NYGovCuomo for taking a big step on paid leave.,President Obama,Mon Apr 04 16:29:45 +0000 2016,Tweet,
"Thank you for your leadership @RepHalRogers. This epidemic doesn't discriminate between red or blue, so it's up to all of us to do our part.",President Obama,Tue Mar 29 17:45:17 +0000 2016,Reply,
RT @RepHalRogers : Honored to have our Commander-in-Chief @POTUS @RxSummit to lead this critical discussion about the nation's drug abuse epidemic.,President Obama,Tue Mar 29 17:44:50 +0000 2016,Retweet,
"From my family to yours, Happy Easter, and we wish everyone celebrating a blessed and joyful day. https://t.co/fNvcihSmYB",President Obama,Sun Mar 27 13:39:18 +0000 2016,Tweet,
"¿Que bolá Cuba? Just touched down here, looking forward to meeting and hearing directly from the Cuban people.",President Obama,Sun Mar 20 20:22:45 +0000 2016,Tweet,
A great example of how tech can make our democracy stronger. Thanks for answering the call to serve. https://t.co/dFU57cuxo8,President Obama,Thu Mar 17 22:52:33 +0000 2016,Tweet,
"RT @SCOTUSnom : Meet Chief Judge Merrick Garland, the President's nominee to the Supreme Court. #SCOTUSnominee https://t.co/ACujysyyDJ",President Obama,Wed Mar 16 16:31:05 +0000 2016,Retweet,
Proud to nominate Judge Merrick Garland to the Supreme Court. I ask Senators to meet their constitutional duty and give him a fair hearing.,President Obama,Wed Mar 16 16:30:31 +0000 2016,Tweet,
"Looking forward to discussing more ways we can modernize government so it's as smart and dynamic as America itself. See you soon, Austin.",President Obama,Fri Mar 11 17:48:12 +0000 2016,Reply,
Seniors can now apply for Social Security benefits online: https://t.co/jPEHLkNxfk,President Obama,Fri Mar 11 17:40:44 +0000 2016,Reply,
Nearly 1 in 3 American families struggle to afford diapers. We're working with the private sector to help fix this. https://t.co/fxvdOCFeET,President Obama,Fri Mar 11 17:37:23 +0000 2016,Reply,
"Immigrants can now apply online to renew their green cards faster, and prep for the citizenship civics test online.",President Obama,Fri Mar 11 17:33:05 +0000 2016,Reply,
We've cut the time it takes students to apply for financial aid by two-thirds thanks to a simplified FAFSA form: https://t.co/WDD1UrSXIR,President Obama,Fri Mar 11 17:29:59 +0000 2016,Reply,
"At #SXSW, I'll make the case that tech and innovation can make government work better for everyone. Here's how it's working better already:",President Obama,Fri Mar 11 17:28:29 +0000 2016,Tweet,
"Happy #InternationalWomensDay! When women are free to pursue their dreams, nations are more safe, more secure, and more prosperous.",President Obama,Tue Mar 08 21:54:45 +0000 2016,Tweet,
"Welcome back to Earth, @StationCDRKelly! Your year in space is vital to the future of American space travel. Hope gravity isn't a drag!",President Obama,Wed Mar 02 18:01:28 +0000 2016,Tweet,
Play ball! https://t.co/S4DhVYa4Ef,President Obama,Wed Mar 02 00:34:29 +0000 2016,Tweet,
"Isiah, I'm so proud of you. Your kindness and willingness to help others is why I'm so hopeful for our future. https://t.co/RakSNxe7rk",President Obama,Fri Feb 26 23:23:57 +0000 2016,Tweet,
We've made big strides in the fight against Malaria - saving millions of lives. That's American leadership at work. https://t.co/jVdeE4Qktw,President Obama,Mon Feb 22 20:49:53 +0000 2016,Tweet,
Here's how we're looking at the road ahead: https://t.co/a0KcsmpF39,President Obama,Thu Feb 18 14:07:58 +0000 2016,Reply,
"Next month, I'll travel to Cuba to advance our progress and efforts that can improve the lives of the Cuban people.",President Obama,Thu Feb 18 14:05:31 +0000 2016,Reply,
We still have differences with the Cuban government that I will raise directly. America will always stand for human rights around the world.,President Obama,Thu Feb 18 14:03:35 +0000 2016,Reply,
Our flag flies over our Embassy in Havana once again. More Americans are traveling to Cuba than at any time in the last 50 years.,President Obama,Thu Feb 18 14:01:31 +0000 2016,Reply,
"14 months ago, I announced that we would begin normalizing relations with Cuba - and we've already made significant progress.",President Obama,Thu Feb 18 14:00:05 +0000 2016,Tweet,
Got a view yesterday of the lands we protected in CA. We owe it to our kids to preserve America's natural beauty. https://t.co/8OR9MrupyG,President Obama,Sat Feb 13 18:30:11 +0000 2016,Tweet,
Einstein was right! Congrats to @NSF and @LIGO on detecting gravitational waves - a huge breakthrough in how we understand the universe.,President Obama,Thu Feb 11 23:43:14 +0000 2016,Tweet,
"Way to ace your AP Calc test, Landon! You should come drop some knowledge at the White House Science Fair: https://t.co/hFaAgxVdEE",President Obama,Thu Feb 11 16:48:18 +0000 2016,Tweet,
"Just got off the phone with Coach Kubiak. Congrats to Peyton, Von Miller, and that monster @Broncos defense - see you at the White House!",President Obama,Tue Feb 09 22:30:32 +0000 2016,Tweet,
Just got great news - nearly 13 million Americans signed up this round for private health insurance thanks to the Affordable Care Act.,President Obama,Thu Feb 04 23:00:08 +0000 2016,Tweet,
Cedrick; way to go on your perfect score! How about you come by the next White House Science Fair? https://t.co/r8TGIJICh7,President Obama,Sun Jan 31 17:01:26 +0000 2016,Tweet,
"If you or someone you care about needs affordable health coverage, head over to https://t.co/A3qPizu4p2. Today's the last day to sign up!",President Obama,Sun Jan 31 15:30:44 +0000 2016,Tweet,
We just took an important step on equal pay. Let's keep at it until every woman &amp; girl gets a fair shot at success: https://t.co/OJAsaK6ImG,President Obama,Fri Jan 29 17:00:33 +0000 2016,Tweet,
The science couldn't be clearer - we owe it to our kids to do everything we can to combat climate change. https://t.co/497Wkkve58,President Obama,Mon Jan 25 21:33:47 +0000 2016,Tweet,
Seven years ago I bet on American workers and the American auto industry. I’d make that bet again any day of the week.,President Obama,Wed Jan 20 16:14:33 +0000 2016,Reply,
Cars and trucks made in the USA are more fuel efficient than ever before – and still the best in the world.,President Obama,Wed Jan 20 16:09:25 +0000 2016,Reply,
"American automakers have added more than 640,000 jobs since mid-2009 – the strongest job growth on record. https://t.co/kLruJgpZI1",President Obama,Wed Jan 20 16:05:48 +0000 2016,Reply,
"In 2009, auto sales hit a 27-year low. Last year, they hit an all-time high. https://t.co/pDc8W8mtb5",President Obama,Wed Jan 20 16:02:49 +0000 2016,Reply,
Headed to the Detroit Auto Show today to showcase how our auto industry has come roaring back from the financial crisis. Here are the stats:,President Obama,Wed Jan 20 16:00:47 +0000 2016,Tweet,
Today we honor a man who challenged us to bend the arc of the moral universe toward justice. Let's keep working to realize Dr. King's dream.,President Obama,Mon Jan 18 15:03:32 +0000 2016,Tweet,
"Alright everyone, this was a lot of fun. Thanks for the great conversation. i'll be back soon!",President Obama,Thu Jan 14 18:13:48 +0000 2016,Tweet,
places to start - @GabbyGiffords's https://t.co/ATm1M4iMgU and @Everytown,President Obama,Thu Jan 14 18:12:39 +0000 2016,Reply,
great - we need well-meaning folks from all stripes to get info on how we can respect 2A and reduce gun violence https://t.co/dZ0vRltrZg,President Obama,Thu Jan 14 18:11:01 +0000 2016,Tweet,
"the night aca passed; standing on truman balcony with all staff whod made it happen, knowing we'd helped millions. https://t.co/eUr3rZ3UN7",President Obama,Thu Jan 14 18:08:05 +0000 2016,Tweet,
despite court cases like citizens united ill work with orgs/states across US to find new ways 2 reduce $ in politics https://t.co/fuTdewJcyh,President Obama,Thu Jan 14 18:06:10 +0000 2016,Tweet,
"so we all need to speak out against bias and stereotypes, to protect the freedom of others, and our own as well.",President Obama,Thu Jan 14 18:01:08 +0000 2016,Reply,
overwhelming majority of americans understand of diversity and religious pluralism is one of our greatest strengths  https://t.co/AM1JLoA1TI,President Obama,Thu Jan 14 17:59:47 +0000 2016,Tweet,
"health care inflation lowest in decades since ACA passed; problem is more costs passed to workers thru copays, etc. https://t.co/ElBcrjxa6L",President Obama,Thu Jan 14 17:57:48 +0000 2016,Tweet,
"love em all, but as a bulls fan got to go with mj. in baton rouge, just met lsu freshman ben simmons - will be great https://t.co/Du1gflVYp4",President Obama,Thu Jan 14 17:55:54 +0000 2016,Tweet,
"new power plant rule reduces biggest source of CO2; now we need to invest in clean energy tech, energy efficiency. https://t.co/gQg3FEHXxo",President Obama,Thu Jan 14 17:54:23 +0000 2016,Tweet,
new LA gov edwards just expanded medicaid; gets 1000s coverage &amp; helps the state budget. more states need to follow  https://t.co/08mDX2H4Pt,President Obama,Thu Jan 14 17:51:30 +0000 2016,Tweet,
"Expanded pell grants, capped loan repayments at 10% income, but now want to also make 2 yrs community college free. https://t.co/RS9XFDpp9c",President Obama,Thu Jan 14 17:48:10 +0000 2016,Tweet,
"Before I start, wanted to share this. Liberia is now Ebola-free. Great example of what we can achieve when we lead. https://t.co/qjVcwg8tIi",President Obama,Thu Jan 14 17:45:28 +0000 2016,Tweet,
Hey everyone! Ready to answer your questions here at McKinley High School in Baton Rouge. Let's do this. #AskPOTUS https://t.co/jA1MEbwcxg,President Obama,Thu Jan 14 17:45:04 +0000 2016,Tweet,
Looking forward to hearing your ideas about what we can accomplish this year &amp; beyond. I'll answer your questions on #AskPOTUS at 12:30p ET.,President Obama,Thu Jan 14 14:59:24 +0000 2016,Tweet,
"I'm treating this last State of the Union just like my first - because I'm still just as hungry. I hope you tune in, because it's for you.",President Obama,Wed Jan 13 01:20:19 +0000 2016,Tweet,
"So proud of you, Scott. How long is the delay up there? See you when you get back!  https://t.co/doBpaDeZXq",President Obama,Tue Jan 12 22:58:38 +0000 2016,Tweet,
"About time, Denis! Welcome. Let me know if you need any pointers. https://t.co/WullueHj28",President Obama,Wed Jan 06 22:21:03 +0000 2016,Tweet,
"The gun lobby may be holding Congress hostage, but they can't hold America hostage. We can't accept this carnage in our communities.",President Obama,Mon Jan 04 23:46:28 +0000 2016,Reply,
What's often ignored in this debate is that a majority of gun owners agree with commonsense steps to save lives.,President Obama,Mon Jan 04 23:41:25 +0000 2016,Reply,
"We will keep guns out of the wrong hands, enforce our guns laws, and ensure those with serious mental illnesses get treatment.",President Obama,Mon Jan 04 23:36:16 +0000 2016,Reply,
"Tomorrow, I'm taking action to reduce gun violence and save lives - protecting the Second Amendment and our kids. https://t.co/vNqXEhaC9M",President Obama,Mon Jan 04 23:32:45 +0000 2016,Reply,
"Guns now kill as many people as cars in almost half of the U.S. We can't stop every act of violence, but we can save lives if we act.",President Obama,Mon Jan 04 23:29:11 +0000 2016,Reply,
"Each year, more than 30,000 American lives are cut short by guns - two-thirds coming from suicides. Too many Americans have lost loved ones.",President Obama,Mon Jan 04 23:26:21 +0000 2016,Tweet,
"From the Obama family to yours, Merry Christmas! And a special thank you to all our men and women in uniform this holiday season.",President Obama,Fri Dec 25 19:04:41 +0000 2015,Tweet,
I'm proud of the @NBA for taking a stand against gun violence. Sympathy for victims isn't enough – change requires all of us speaking up.,President Obama,Wed Dec 23 21:21:01 +0000 2015,Tweet,
Zaevion Dobson died saving three friends from getting shot. He was a hero at 15. What's our excuse for not acting? https://t.co/hn98uGsjKZ,President Obama,Sun Dec 20 19:22:11 +0000 2015,Tweet,
RT @NASA : .@NASA_Hubble found what looks like a cosmic lightsaber in our Milky Way galaxy: https://t.co/vVBSVTpH2L #StarWars https://t.co/PJId3ThYRA,President Obama,Fri Dec 18 23:18:05 +0000 2015,Retweet,
"Congrats on a great career, Abby Wambach. For the goals you’ve scored &amp; the kids you’ve inspired, you’re the GOAT! https://t.co/Kud56ChsBO",President Obama,Wed Dec 16 20:24:12 +0000 2015,Tweet,
"The strong Paris agreement on climate means a safer, more secure world for our kids. A perfect example of what American leadership can do.",President Obama,Sat Dec 12 22:58:54 +0000 2015,Tweet,
The opioid epidemic is destroying lives. We need to put treatment within reach of anyone who needs it. https://t.co/RJfKkield9,President Obama,Thu Dec 10 21:21:21 +0000 2015,Tweet,
"Herzlichen Glückwunsch to my friend and Time's Person of the Year, Angela Merkel! Thanks for your moral leadership and strong partnership.",President Obama,Wed Dec 09 23:42:45 +0000 2015,Tweet,
"150 years since the abolition of slavery, a turning point in our history. Progress - that's our story.",President Obama,Wed Dec 09 16:03:33 +0000 2015,Tweet,
"Addressing climate change takes all of us, especially the private sector going all-in on clean energy worldwide. https://t.co/qQ6wCZUR1Z",President Obama,Mon Nov 30 16:31:40 +0000 2015,Tweet,
Good news: the world now adds more clean power capacity each year than dirtier fossil-fuel based power capacity. https://t.co/nrNiwDAKuN,President Obama,Sun Nov 29 22:31:55 +0000 2015,Tweet,
Enjoyed stopping by Upshur Street Books today. Celebrate Small Business Saturday by supporting a business near you. https://t.co/udTcIhxtOC,President Obama,Sat Nov 28 23:24:25 +0000 2015,Tweet,
"Happy Thanksgiving, everyone! Today, we give thanks for all of our loved ones and the brave men and women in uniform who serve our country.",President Obama,Thu Nov 26 17:01:27 +0000 2015,Tweet,
Slamming the door in the face of refugees would betray our deepest values. That's not who we are. And it's not what we're going to do.,President Obama,Wed Nov 18 16:49:20 +0000 2015,Reply,
Welcoming the world’s vulnerable who seek the safety of America is not new to us. We've safely welcomed 3 million refugees since 1975.,President Obama,Wed Nov 18 16:46:31 +0000 2015,Reply,
"Here, our focus is giving safe haven to the most vulnerable Syrians – women, children, and survivors of torture.",President Obama,Wed Nov 18 16:44:01 +0000 2015,Reply,
"We will provide refuge to at least 10,000 refugees fleeing violence in Syria over the next year after they pass the highest security checks.",President Obama,Wed Nov 18 16:41:48 +0000 2015,Reply,
We also win this fight with our values. America can ensure our own security while welcoming refugees desperately seeking safety from ISIL.,President Obama,Wed Nov 18 16:39:48 +0000 2015,Reply,
"Protecting the American people is my top priority. With our 65 global partners, we're leading the campaign to degrade and destroy ISIL.",President Obama,Wed Nov 18 16:37:04 +0000 2015,Tweet,
"This is an American hero: Capt. Groberg put it all on the line for his team. On his worst day, he gave us his best. https://t.co/WdWAPswJpE",President Obama,Thu Nov 12 17:13:00 +0000 2015,Tweet,
"Today, we honor the incredible men and women who have served our country. Their sacrifice and selflessness is second to none.",President Obama,Wed Nov 11 15:35:20 +0000 2015,Tweet,
I just launched my Facebook page with a video on climate change. America will lead on this. The time to act is now. https://t.co/WG5y1FbhIA,President Obama,Mon Nov 09 20:20:51 +0000 2015,Tweet,
"Every American deserves quality, affordable health care. If you or a friend needs coverage, go to https://t.co/PJ7xIL6FjY and sign up now.",President Obama,Sun Nov 01 17:10:25 +0000 2015,Tweet,
Who knew community policing could involve the Nae Nae? Great example of police having fun while keeping us safe: https://t.co/ZGeTDm6OYw,President Obama,Thu Oct 29 16:55:03 +0000 2015,Tweet,
Good to be home for a night. Even better to see the @chicagobulls start the season off right! #SeeRed,President Obama,Wed Oct 28 02:35:38 +0000 2015,Tweet,
Our thoughts are with the Mexican people as they brace for Hurricane Patricia. USAID disaster experts are on the ground and ready to help.,President Obama,Fri Oct 23 19:33:37 +0000 2015,Tweet,
"Happy Back to the Future Day, @RealMikeFox! Ever think about the fact that we live in the future we dreamed of then? That's heavy, man.",President Obama,Wed Oct 21 20:13:50 +0000 2015,Tweet,
So I'm eager to hear from folks in Charleston today on actions we can take to put recovery within reach for anyone who needs it.,President Obama,Wed Oct 21 18:05:18 +0000 2015,Reply,
Communities are showing that we should approach substance use disorders as an opportunity to intervene rather than a race to incarcerate.,President Obama,Wed Oct 21 18:01:44 +0000 2015,Reply,
With no other disease do we expect people to wait until they're a danger to themselves or others to self-diagnose and seek treatment.,President Obama,Wed Oct 21 17:58:32 +0000 2015,Reply,
4 in 5 heroin users started out by misusing prescription opioids. Heroin-related deaths nearly quadrupled between 2002 and 2013.,President Obama,Wed Oct 21 17:55:13 +0000 2015,Reply,
"Sales of powerful painkillers have skyrocketed. In 2012, enough prescriptions were written to give every American adult a bottle of pills.",President Obama,Wed Oct 21 17:52:04 +0000 2015,Reply,
120 Americans die every day from drug overdoses - most involving legal prescription drugs. That's more than from car crashes.,President Obama,Wed Oct 21 17:48:30 +0000 2015,Reply,
Heading to West Virginia today to talk about the epidemic of prescription drug abuse in America and what we can do to help. The facts:,President Obama,Wed Oct 21 17:46:38 +0000 2015,Tweet,
"RT @FactsOnClimate : Climate change threatens us all, and it will take all of us to solve it. Get the facts on how we can: https://t.co/D0uInQ4O6t #ActOnClimate",President Obama,Tue Oct 20 19:03:46 +0000 2015,Retweet,
I got a chance to catch up with the @Space_Station crew today. Nothing like a call to space on #AstronomyNight! https://t.co/JVLzYDQ8Jo,President Obama,Tue Oct 20 00:20:17 +0000 2015,Tweet,
I just met with CEOs of some of our biggest companies who are stepping up to #ActOnClimate. It's good for the planet - and the bottom line.,President Obama,Mon Oct 19 17:03:03 +0000 2015,Tweet,
Congrats @HokuleaWWV on reaching Africa—midpoint of worldwide voyage to spread message of caring for the one planet we've got. #MalamaHonua,President Obama,Fri Oct 16 15:36:52 +0000 2015,Tweet,
Congrats @Cubs - even @whitesox fans are rooting for you!,President Obama,Wed Oct 14 00:39:33 +0000 2015,Tweet,
"Thanks, Zack. https://t.co/gOGzWmYdxQ",President Obama,Fri Oct 02 00:52:38 +0000 2015,Tweet,
We have a moral responsibility to do what we can for families forced from their homes. Find out how you can help at http://t.co/J8A6mTD6D4.,President Obama,Mon Sep 28 17:05:17 +0000 2015,Reply,
But this isn't just about what I can do as President. Every single one of us - from citizens to NGOs - can help refugees find safe haven.,President Obama,Mon Sep 28 17:03:09 +0000 2015,Reply,
"We're also increasing the number of Syrian and other refugees we admit to the U.S. to 100,000 per year for the next two years.",President Obama,Mon Sep 28 17:01:48 +0000 2015,Reply,
We've provided more than $4.5 billion in humanitarian aid to help meet the needs of those impacted by the Syrian conflict.,President Obama,Mon Sep 28 17:00:08 +0000 2015,Reply,
"Nearly 12 million people have been displaced by the conflict in Syria. As Americans, we can't sit idly by. That's not who we are.",President Obama,Mon Sep 28 16:58:34 +0000 2015,Tweet,
I'm grateful for the teachers who helped spark my sense of curiosity. The #62MillionGirls who aren't in school should have that same chance.,President Obama,Sat Sep 26 23:15:51 +0000 2015,Tweet,
"Yogi Berra was an American original - a Hall of Famer, jovial prophet, &amp; a humble veteran. We'll miss you, Yogi, but your legacy ain't over.",President Obama,Wed Sep 23 20:42:08 +0000 2015,Tweet,
"Welcome to the White House, @Pontifex! Your messages of love, hope, and peace have inspired us all.",President Obama,Wed Sep 23 12:45:23 +0000 2015,Tweet,
Millions of families are more secure thanks to the ACA. Join them and #GetCovered on Nov 1: http://t.co/PJ7xIL6FjY  https://t.co/GF6yS0aHol,President Obama,Tue Sep 22 18:27:13 +0000 2015,Tweet,
Our right to vote is sacred. It's the foundation of our democracy. You can find out how to register to vote at http://t.co/8kaqY0U3fn.,President Obama,Tue Sep 22 15:52:10 +0000 2015,Tweet,
"Cool clock, Ahmed. Want to bring it to the White House? We should inspire more kids like you to like science. It's what makes America great.",President Obama,Wed Sep 16 16:58:54 +0000 2015,Tweet,
We've fought back because of you. We shouldn't slip back because of Congress. I urge them to send me a budget that invests in our future.,President Obama,Tue Sep 15 20:36:39 +0000 2015,Reply,
"When I took office, the budget deficit had reached 9.2% of our GDP. We've cut that down to 2.8%. http://t.co/3viaw4b0bB",President Obama,Tue Sep 15 20:33:37 +0000 2015,Reply,
"When I took office, 15.4% of our population was uninsured. Today, we’ve cut that by more than a third. http://t.co/3OOqcz8Oxp",President Obama,Tue Sep 15 20:30:45 +0000 2015,Reply,
"In 2009, our auto industry was flatlining. Now our workers are on pace to sell more American cars and trucks than any year since 2001.",President Obama,Tue Sep 15 20:27:51 +0000 2015,Reply,
We've cut the unemployment rate in half – from a high of 10% down to 5.1%. And we're not done. http://t.co/uRfaSoiGuA,President Obama,Tue Sep 15 20:24:27 +0000 2015,Reply,
"When I took office, 800,000 Americans lost their jobs each month. Our businesses have now added 13.1 million jobs over 66 straight months.",President Obama,Tue Sep 15 20:21:43 +0000 2015,Reply,
"7 years ago today, Lehman Brothers filed for bankruptcy, setting off the worst financial crisis in decades. Here's how far we've come:",President Obama,Tue Sep 15 20:20:41 +0000 2015,Tweet,
"""@FAFSA"" might be hard to say, but filling it out can help you pay for college. FLOTUS, you're up! #5TimesFAFSA http://t.co/y1Jv8aeGUH",President Obama,Mon Sep 14 15:06:10 +0000 2015,Tweet,
"14 years after the terrorist attacks of 9/11, we honor those we lost. We salute all who serve to keep us safe. We stand as strong as ever.",President Obama,Fri Sep 11 13:24:05 +0000 2015,Tweet,
Today's Senate vote on the Iran deal is a historic step toward preventing Iran from obtaining a nuclear weapon. The world is safer for it.,President Obama,Thu Sep 10 21:15:51 +0000 2015,Tweet,
"Thank you, Colin, for putting your experience and expertise behind this important initiative for our country. https://t.co/bSnaLMs8CU",President Obama,Sun Sep 06 16:45:57 +0000 2015,Tweet,
I loved Alaska and met so many inspiring people. Have to keep up the fight on climate change for their sake—and ours. http://t.co/HzWW0S6iQc,President Obama,Thu Sep 03 18:42:44 +0000 2015,Tweet,
"Today we’re returning Mount McKinley to its native name - Denali, a step to reflect the heritage of Alaska Natives. http://t.co/WyzQImKymX",President Obama,Mon Aug 31 17:31:01 +0000 2015,Tweet,
"In Treme, I was inspired by the progress &amp; people 10 years after Katrina. It gives us hope, but our work isn't done. http://t.co/LDqsARhnZt",President Obama,Sat Aug 29 21:09:18 +0000 2015,Tweet,
"Amidst global volatility, Congress should protect the momentum of our growing economy (not kill it). We must avoid shutdown / austerity.",President Obama,Thu Aug 27 15:27:51 +0000 2015,Tweet,
The National Park Service: 99 years and 84 million acres strong. Congrats to all who work to protect these treasures. http://t.co/R8RyB9vkVW,President Obama,Tue Aug 25 17:55:38 +0000 2015,Tweet,
"President Carter is as good a man as they come. Michelle and I are praying for him and Rosalynn. We're all pulling for you, Jimmy.",President Obama,Thu Aug 20 17:14:53 +0000 2015,Tweet,
"Due to popular request, here are my vacation playlists: http://t.co/uer5sIl4Vk http://t.co/zHEekHvQBr What's your favorite summer song?",President Obama,Fri Aug 14 15:30:35 +0000 2015,Tweet,
"RT @JohnKerry : Pleased to be in #Havana for historic day @USEmbCuba. Incredible: last time #SecState visited #Cuba, FDR was @POTUS. http://t.co/URedAaDpZs",President Obama,Fri Aug 14 15:18:58 +0000 2015,Retweet,
Thank you for all you've done to protect our sacred right to vote. It's as important today as it's ever been. https://t.co/ge74wu5nc1,President Obama,Thu Aug 06 17:30:29 +0000 2015,Tweet,
"Heroes like @RepJohnLewis, Dr. King, and countless others sacrificed so that all of our voices could be heard. http://t.co/L7kxtWQlYW",President Obama,Thu Aug 06 17:26:02 +0000 2015,Reply,
"Before 1965, African Americans faced poll taxes, literacy tests, or having to count jellybeans in a jar when they tried to register to vote.",President Obama,Thu Aug 06 17:23:33 +0000 2015,Reply,
"50 years ago today, President Johnson signed the Voting Rights Act into law, securing the right to vote for millions of African Americans.",President Obama,Thu Aug 06 17:21:27 +0000 2015,Tweet,
Pretty incredible time lapse of the dark side of the moon passing Earth from @NASA. American ingenuity at work! http://t.co/JKep9bcxGQ,President Obama,Wed Aug 05 23:01:41 +0000 2015,Tweet,
Important detail – there are no secret deals. My staff can brief you on any question about any part of the deal. https://t.co/UO0B5xCOPh,President Obama,Wed Aug 05 20:46:43 +0000 2015,Tweet,
The choice is ultimately between diplomacy and war. Iran's nuclear program accelerates if Congress kills this deal. https://t.co/nvBeO1Omko,President Obama,Wed Aug 05 20:45:23 +0000 2015,Tweet,
"It's the strongest nuclear deal ever negotiated. There's no such thing as a ""better deal."" Walking away risks war. https://t.co/la7GhQXfzl",President Obama,Wed Aug 05 20:36:48 +0000 2015,Tweet,
I refuse to condemn our kids to a planet that's beyond fixing. Let's meet this challenge and #ActOnClimate together.,President Obama,Mon Aug 03 19:29:02 +0000 2015,Reply,
"Despite what the critics will tell you, this plan will ultimately save the average American family nearly $85 a year on their energy bills.",President Obama,Mon Aug 03 19:23:30 +0000 2015,Reply,
"Thanks to this plan, there will be 90,000 fewer asthma attacks among our kids and we'll avoid 3,600 premature deaths in 2030.",President Obama,Mon Aug 03 19:18:32 +0000 2015,Reply,
"It's time to change that. With the Clean Power Plan, by 2030, carbon pollution from power plants will be 32% lower than it was a decade ago.",President Obama,Mon Aug 03 19:15:25 +0000 2015,Reply,
"Right now, power plants account for about one-third of America’s carbon pollution. That’s more than our cars, airplanes, and homes combined.",President Obama,Mon Aug 03 19:11:58 +0000 2015,Reply,
"Levels of carbon dioxide in our atmosphere are higher than they’ve been in 800,000 years. 2014 was the planet’s warmest year on record.",President Obama,Mon Aug 03 19:06:54 +0000 2015,Reply,
"Today, we're announcing America's Clean Power Plan—the most important step we've ever taken to combat climate change. Here are the facts:",President Obama,Mon Aug 03 19:06:08 +0000 2015,Tweet,
"Hey @StationCDRKelly, loving the photos. Do you ever look out the window and just freak out?",President Obama,Sat Aug 01 19:25:04 +0000 2015,Tweet,
"Launching a pilot program to help students in prison pay for college, because everyone willing to work for it deserves a second chance.",President Obama,Fri Jul 31 20:15:39 +0000 2015,Tweet,
"Happy 50th birthday, Medicare and Medicaid! Two programs, one promise: that every American deserves a basic measure of dignity and security.",President Obama,Thu Jul 30 16:39:56 +0000 2015,Tweet,
"25 years of the ADA and Americans with disabilities are breaking more barriers than ever, making all of us more free. Let's keep going.",President Obama,Sun Jul 26 21:05:59 +0000 2015,Tweet,
"Proud to be the first American President to visit Kenya. Happy to see family, and to talk with young Kenyans about the future.",President Obama,Fri Jul 24 21:25:42 +0000 2015,Tweet,
"E.L. Doctorow was one of America's greatest novelists. His books taught me much, and he will be missed.",President Obama,Wed Jul 22 01:13:00 +0000 2015,Tweet,
RT @TheIranDeal : The historic #IranDeal succeeds in verifying that Iran cannot obtain a nuclear weapon. Follow to get the facts: http://t.co/Ua7p0Qzryo,President Obama,Tue Jul 21 14:40:25 +0000 2015,Retweet,
Just got this new blue marble photo from @NASA. A beautiful reminder that we need to protect the only planet we have. http://t.co/JQ3174P0LF,President Obama,Mon Jul 20 14:27:08 +0000 2015,Tweet,
Had a great visit today with Emma Didlake - our oldest living veteran at 110-years-young! She's a true American hero. http://t.co/EeeIC3AK4A,President Obama,Fri Jul 17 20:54:55 +0000 2015,Tweet,
Congrats to Oregon on passing two years of free community college! Every hardworking student deserves access to higher education.,President Obama,Fri Jul 17 17:10:33 +0000 2015,Tweet,
Pluto just had its first visitor! Thanks @NASA - it's a great day for discovery and American leadership. http://t.co/FfztBSMbK0,President Obama,Wed Jul 15 01:46:43 +0000 2015,Tweet,
Good conversation with Tom Friedman on the deal we reached with Iran. It's a major step toward a safer world.  https://t.co/xwSrH9IoFG,President Obama,Wed Jul 15 00:57:51 +0000 2015,Tweet,
Mass incarceration doesn't work. Let's build communities that give kids a shot at success and prisons that prepare people for a 2nd chance.,President Obama,Tue Jul 14 22:47:13 +0000 2015,Reply,
We could eliminate tuition at every public college and university in America with the $80 billion we spend each year on incarcerations.,President Obama,Tue Jul 14 22:42:16 +0000 2015,Reply,
The $80 billion we spend each year on incarcerations could double the salary of every high school teacher in America.,President Obama,Tue Jul 14 22:37:43 +0000 2015,Reply,
The $80 billion we spend each year to keep people incarcerated could pay for universal pre-K for every 3-year-old and 4-year-old in America.,President Obama,Tue Jul 14 22:34:32 +0000 2015,Reply,
"In 1980, there were 500,000 people in American jails. Today, there are 2.2 million. Many belong. But too many are nonviolent offenders.",President Obama,Tue Jul 14 22:30:51 +0000 2015,Reply,
America keeps more people behind bars than the top 35 European countries combined.,President Obama,Tue Jul 14 22:26:15 +0000 2015,Reply,
"America is home to 5% of the world's population, but 25% of the world's prisoners.",President Obama,Tue Jul 14 22:20:49 +0000 2015,Reply,
"Just spoke to the NAACP about criminal justice reform, something many broadly agree on. Some stats:",President Obama,Tue Jul 14 22:19:14 +0000 2015,Tweet,
"South Carolina taking down the confederate flag - a signal of good will and healing, and a meaningful step towards a better future.",President Obama,Fri Jul 10 14:12:50 +0000 2015,Tweet,
What a win for Team USA! Great game @CarliLloyd! Your country is so proud of all of you. Come visit the White House with the World Cup soon.,President Obama,Mon Jul 06 01:01:08 +0000 2015,Tweet,
http://t.co/Ft3DwYWRJv,President Obama,Sun Jul 05 03:57:06 +0000 2015,Reply,
"It doesn't get much better than celebrating America with the people you love. Happy Fourth of July, everyone!",President Obama,Sat Jul 04 20:29:21 +0000 2015,Tweet,
It's not mine; just a loaner. Maybe you can come play at the White House sometime instead?  https://t.co/srZKB6plzz,President Obama,Thu Jul 02 03:02:33 +0000 2015,Tweet,
"RT @hotelkeys : @POTUS 
23yrold recent grad has full-time job but no insurance. Peace of mind that she can be on our plan. #ACAWorks",President Obama,Thu Jul 02 01:28:15 +0000 2015,Retweet,
"RT @crazywritinfool : @POTUS #ACAWorks because I could switch insurance providers to get a lower rate. Couldn't before due to ""preexisting conditions""",President Obama,Thu Jul 02 01:25:45 +0000 2015,Retweet,
RT @NotoriousLLT : Sister is legally blind &amp; on disability b/c of glaucoma. She needs care to keep sight she has left. With #ACA she can afford it! #ACAWorks,President Obama,Thu Jul 02 01:21:26 +0000 2015,Retweet,
"Gotta go, but this was fun. Let's keep the health care conversation going - share how the #ACAWorks for you or your family.",President Obama,Wed Jul 01 20:21:36 +0000 2015,Tweet,
butler's a great player on o and d; let's sign him up long term. go bulls! https://t.co/IqbyUmcbmJ,President Obama,Wed Jul 01 20:17:54 +0000 2015,Tweet,
"people lack info/turned off by political noise. w court case done, let's focus on getting people signed up. https://t.co/vFCDgMXSE9",President Obama,Wed Jul 01 20:16:58 +0000 2015,Tweet,
pushing to make 2 yrs comm college free; permit refinancing on student loans; push colleges to keep tuition low https://t.co/dTbTNDQSII,President Obama,Wed Jul 01 20:13:47 +0000 2015,Tweet,
"respect the nyt, but not buying peas in guac. onions, garlic, hot peppers. classic. https://t.co/MEEI8QHH1V",President Obama,Wed Jul 01 20:12:10 +0000 2015,Tweet,
was listening to outkast/liberation and the black keys/lonely boy this morning. https://t.co/1DP6CRdwlm,President Obama,Wed Jul 01 20:10:09 +0000 2015,Tweet,
there's a hardship exemption; fine only applies to folks who can afford insurance but choose not to. https://t.co/XWFEKbZCaT,President Obama,Wed Jul 01 20:08:51 +0000 2015,Tweet,
"have principles and issues you are passionate about, and act; worry more about doing something than being something. https://t.co/QqbgflhXDY",President Obama,Wed Jul 01 20:06:28 +0000 2015,Tweet,
EX-IM bank helps US companies export; that means good paying american jobs. optimistic that congress gets it done. https://t.co/UeBhgiL64B,President Obama,Wed Jul 01 20:05:05 +0000 2015,Tweet,
now's time to encourage states that held off for political reasons to do the right thing; contact state officials! https://t.co/QqUY3S9MoC,President Obama,Wed Jul 01 20:02:53 +0000 2015,Tweet,
congratulations! hope you guys are getting sleep. nothing beats babies! https://t.co/ymGM0HARad,President Obama,Wed Jul 01 20:00:55 +0000 2015,Tweet,
"not true - like last year, insurers request premium hikes, but must be approved; expect final increases to be less   https://t.co/WfJI2AOLkP",President Obama,Wed Jul 01 19:59:32 +0000 2015,Tweet,
we need to encourage states to take advantage of medicaid expansion; could insure 4 mil more people in 22 states! https://t.co/S9RlkVB1An,President Obama,Wed Jul 01 19:55:46 +0000 2015,Tweet,
"Alright, let's do this. Ready to answer your health care questions. Keep 'em coming with #AskPOTUS. http://t.co/wK8RDF2H0i",President Obama,Wed Jul 01 19:55:12 +0000 2015,Tweet,
Hello from Nashville! I'll be answering your questions on health care and the Affordable Care Act at 3:30pm ET. Tweet yours using #AskPOTUS.,President Obama,Wed Jul 01 18:22:54 +0000 2015,Tweet,
Congrats to the #USWNT! Can't wait for the finals. You make us all proud!,President Obama,Wed Jul 01 01:35:17 +0000 2015,Tweet,
A hard day's work deserves a fair day's pay. That's why I'm announcing my plan to extend overtime protections. https://t.co/MrV56vTNa9,President Obama,Tue Jun 30 14:21:33 +0000 2015,Tweet,
So inspired by the grace shown by the Simmons family and all the victims' families in Charleston. #HateWontWin http://t.co/jMS0SDUYui,President Obama,Fri Jun 26 21:56:40 +0000 2015,Tweet,
"Today is a big step in our march toward equality. Gay and lesbian couples now have the right to marry, just like anyone else. #LoveWins",President Obama,Fri Jun 26 14:10:05 +0000 2015,Tweet,
"The uninsured rate is the lowest it's ever been. Let's keep at it until every American has quality, affordable health insurance.",President Obama,Thu Jun 25 17:13:26 +0000 2015,Reply,
More than 137 million Americans have guaranteed access to preventive care like cancer screenings and birth control at no out-of-pocket cost.,President Obama,Thu Jun 25 16:56:11 +0000 2015,Reply,
Women can no longer be charged more for health coverage just for being women.,President Obama,Thu Jun 25 16:41:43 +0000 2015,Reply,
129 million Americans with pre-existing conditions can no longer be denied health coverage.,President Obama,Thu Jun 25 16:30:19 +0000 2015,Reply,
More than 16 million Americans have gained health coverage after 5 years of the Affordable Care Act.,President Obama,Thu Jun 25 16:14:58 +0000 2015,Reply,
"Today's decision is a victory for every hardworking American. Access to quality, affordable health care is a right, not a privilege.",President Obama,Thu Jun 25 16:03:40 +0000 2015,Tweet,
Good luck Team USA – make us proud out there! #OneNationOneTeam http://t.co/btu3dRXPbr,President Obama,Mon Jun 22 23:45:19 +0000 2015,Tweet,
Expressions of sympathy aren’t enough. It’s time we do something about this.,President Obama,Sun Jun 21 01:50:00 +0000 2015,Reply,
"Here are the stats: Per population, we kill each other with guns at a rate 297x more than Japan, 49x more than France, 33x more than Israel.",President Obama,Sun Jun 21 01:49:04 +0000 2015,Tweet,
"Good point, Mitt. https://t.co/Ryusfp8Xbh",President Obama,Sun Jun 21 01:33:44 +0000 2015,Tweet,
"In the midst of darkest tragedy, the decency and goodness of the American people shines through in these families. https://t.co/aYtAKrWwCY",President Obama,Fri Jun 19 20:27:54 +0000 2015,Tweet,
Inspired by what @Pontifex wrote on climate change. Agree we have a moral responsibility to act to protect our kids and God's creation.,President Obama,Thu Jun 18 23:20:59 +0000 2015,Tweet,
Thrilled to formally recognize @LorettaLynch as the people's lawyer. You'll have no better partner in the fight for equality and justice.,President Obama,Wed Jun 17 17:44:38 +0000 2015,Tweet,
What a team win for the Warriors and an epic season for Steph. Kudos to LeBron and the Cavs for an unbelievable effort under adversity.,President Obama,Wed Jun 17 04:23:31 +0000 2015,Tweet,
Congrats to my hometown @NHLBlackhawks on 3 titles in 6 years - we'll see you and The Cup at the White House!,President Obama,Tue Jun 16 14:43:36 +0000 2015,Tweet,
So proud of these White House mentorship grads. Can't wait to see all the great things you achieve. I believe in you! http://t.co/ao6k8ErjHI,President Obama,Mon Jun 15 19:57:04 +0000 2015,Tweet,
I challenged them to a race. http://t.co/FpEUTnYgoD,President Obama,Fri Jun 12 01:01:29 +0000 2015,Tweet,
This was a fun briefing: My science advisor just showed me this Hubble shot of the most crowded place in our galaxy. http://t.co/E2SeO9tumt,President Obama,Wed Jun 03 22:31:54 +0000 2015,Tweet,
Glad the Senate finally passed the USA Freedom Act. It protects civil liberties and our national security. I'll sign it as soon as I get it.,President Obama,Tue Jun 02 21:01:19 +0000 2015,Tweet,
Awarded two Medals of Honor today for acts of bravery a century ago. We honor our heroes no matter how long it takes. http://t.co/AYazTecZpB,President Obama,Tue Jun 02 18:28:56 +0000 2015,Tweet,
"RT @LizHadly : @POTUS Love the #ActOnClimate. As scientist, I say global action more important than science now. #WeKnowEnoughToAct.",President Obama,Thu May 28 20:40:34 +0000 2015,Retweet,
"Thanks for the questions! This was fun. I've got to run, but let’s do it again soon. Tell me what you're doing to #ActOnClimate.",President Obama,Thu May 28 17:29:26 +0000 2015,Tweet,
.@apat246 @chicagobulls love thibs and think he did a great job. Sorry to see him go but expect he will be snatched up soon by another team.,President Obama,Thu May 28 17:29:05 +0000 2015,Reply,
.@ZCarlander agreement with China big and will be working w Brazil to develop their plans. We will all need to do more with US leading,President Obama,Thu May 28 17:27:20 +0000 2015,Reply,
".@arianastover Kids instinctively understand importance of environment, impact on animals, health. Weave it into science and social studies",President Obama,Thu May 28 17:24:59 +0000 2015,Reply,
".@HtetWint renewable energy key, already increased solar 10x and wind 3x, now need to invest more in r&amp;d and provide regulatory incentives",President Obama,Thu May 28 17:22:28 +0000 2015,Reply,
. @Jamesthe4tress Already expanded Pell Grants and capped student loan interest rates; now want to make 2 yrs of community college free.,President Obama,Thu May 28 17:18:40 +0000 2015,Reply,
"@HLF3267 In fact new trade deal with have the strongest enforceable environmental provisions in history, raising standards across Asia.",President Obama,Thu May 28 17:16:29 +0000 2015,Reply,
".@ZCarlander more severe weather events lead to displacement, scarcity, stressed populations; all increase likelihood of global conflict.",President Obama,Thu May 28 17:15:41 +0000 2015,Reply,
.@NathenVieira jr smith having a great season but the heart of the Cavs is Lebron. And no one can outshoot Curry - maybe Korver if wide open,President Obama,Thu May 28 17:11:48 +0000 2015,Reply,
"@.gkermmm 2/ after I sign agreement, Congress will have months of debate before a vote. Nothing secret about it.",President Obama,Thu May 28 17:08:53 +0000 2015,Tweet,
.@gkermmm 1/ TPP is still being negotiated! But legislation requires the full text for 60 days before I sign.,President Obama,Thu May 28 17:08:04 +0000 2015,Reply,
.@drock89 as @Pontifex and other religious leaders have stated we have a moral obligation to the most vulnerable and the next generation.,President Obama,Thu May 28 17:05:44 +0000 2015,Reply,
.@BigBennyFL 3/ already rejected Shell's original proposal as inadequate which shows we're serious.,President Obama,Thu May 28 17:04:00 +0000 2015,Reply,
.@BigBennyFL 2/ But since we can't prevent oil exploration completely in region we're setting the highest possible standards,President Obama,Thu May 28 17:02:56 +0000 2015,Reply,
"@BigBennyFL 1/ We've shut off drilling in the most sensitive arctic areas, including Bristol Bay.",President Obama,Thu May 28 16:59:36 +0000 2015,Reply,
.@calebmegajew the science is overwhelming but what will move Congress will be public opinion. Your voices will make them open to facts.,President Obama,Thu May 28 16:56:22 +0000 2015,Reply,
Ready to answer your questions on climate change. Let's do this! #AskPOTUS http://t.co/5KrIb5jL6S,President Obama,Thu May 28 16:48:24 +0000 2015,Tweet,
Just got a hurricane preparedness briefing in Miami. Acting on climate change is critical. Got climate Qs? I'll answer at 1pm ET. #AskPOTUS,President Obama,Thu May 28 16:21:21 +0000 2015,Tweet,
Spent the morning at Arlington. Take time today to honor our fallen heroes. We're forever indebted to their families. http://t.co/hChhhOVCS3,President Obama,Mon May 25 16:45:21 +0000 2015,Tweet,
.@DrFahmida tell your niece I really like her letter. Couldn't agree more!,President Obama,Fri May 22 20:19:17 +0000 2015,Reply,
".@rebsteve really enjoyed stopping by today. I had fun singing Shabbat Shalom with the PreK class downstairs, too! http://t.co/6b8CrXSgMt",President Obama,Fri May 22 20:06:44 +0000 2015,Reply,
An honor to address the Coast Guard class of 2015. Confident they'll help us meet big challenges like climate change. http://t.co/1z4fteA1YJ,President Obama,Wed May 20 17:51:35 +0000 2015,Tweet,
"Good question, @billclinton. The handle comes with the house. Know anyone interested in @FLOTUS?",President Obama,Mon May 18 21:07:29 +0000 2015,Reply,
"In Camden today, seeing first-hand how smart policing is making the community safer while building trust. http://t.co/3MiWk43c8g",President Obama,Mon May 18 19:51:30 +0000 2015,Tweet,
"Hello, Twitter! It's Barack. Really! Six years in, they're finally giving me my own account.",President Obama,Mon May 18 15:38:52 +0000 2015,Tweet,